{
  "11": {
    "mu": 0.07564840822514148,
    "alpha": 15.274970656805229,
    "beta": 42.50284852744454,
    "n_events": 1596,
    "duration_s": 13972.905,
    "mean_rate": 0.11422105854151302,
    "log_likelihood": -3099.1715213217667
  },
  "21": {
    "mu": 0.04318487104811454,
    "alpha": 9.789371383579061,
    "beta": 26.195442822117293,
    "n_events": 954,
    "duration_s": 14026.963,
    "mean_rate": 0.06801187113703801,
    "log_likelihood": -2343.5226386050927
  },
  "61": {
    "mu": 0.23483360507917994,
    "alpha": 9.24970186597641,
    "beta": 26.411431076515335,
    "n_events": 4950,
    "duration_s": 14040.733,
    "mean_rate": 0.3525456968663958,
    "log_likelihood": -7216.697426352389
  },
  "71": {
    "mu": 0.3228509211333513,
    "alpha": 3.2409105839111296,
    "beta": 6.096170080801341,
    "n_events": 9996,
    "duration_s": 14045.064,
    "mean_rate": 0.7117091100474872,
    "log_likelihood": -9491.70194267068
  },
  "93": {
    "mu": 0.045309644749858304,
    "alpha": 100.37717206179444,
    "beta": 288.4801235713349,
    "n_events": 966,
    "duration_s": 14019.053,
    "mean_rate": 0.06890622355161936,
    "log_likelihood": -1663.508356725687
  },
  "epoch": "2026-01-22T00:00:11.107000+00:00"
}